{
"beef flank": "牛腩",
"beef shanks": "牛肉",
"black mushroom": "冬菇",
"black pepper": "黑椒",
"black tea": "红茶",
"braise pork on the rice": "控肉盖饭",
"chicken fingers": "鸡柳",
"chicken nugget": "鸡粒",
"chicken nuggets": "炸鸡粒",
"chinese donut": "面窝",
"coconut jelly": "椰果",
"coffee milk tea": "鸳鸯",
"crab meat": "蟹肉",
"crab rangoon": "炸蟹角",
"crab stick": "蟹棒",
"crazy girl": "疯狂女孩",
"crispy noodle": "干面",
"double delight": "两样",
"double salmon roll": "双鲑鱼卷",
"dragon & phoenix": "龙凤",
"dragon & phoenix delight": "龙凤配",
"dragon and phoenix": "龙凤",
"dragon and phoenix delight": "龙凤配",
"egg drop": "蛋花",
"egg flower": "蛋花",
"egg foo young": "芙蓉蛋",
"egg roll": "春卷",
"eight jewel": "八宝",
"family style": "家常",
"filet mignon": "免翁牛柳",
"fish filet": "鱼片",
"fortune cookie": "幸运饼干",
"four seasons": "炒四季",
"french fries": "炸薯条",
"fried noodles": "面干",
"fried oreo": "油煎奥利奥",
"fried rice": "炒饭",
"fried rice": "炒饭",
"fried sweet donuts": "油炸甜甜圈",
"fried wonton": "炸馄饨",
"futomaki roll": "太卷",
"general tso's": "左宗",
"ginger milk tea": "姜母茶",
"ginger onion": "姜葱",
"ginger sauce": "姜汁",
"green salad": "绿色沙拉",
"green tea": "绿茶",
"hamachi kama": "烤鱼下巴",
"happy family": "全家福",
"ice cream": "冰淇淋",
"in garlic sauce": "鱼香",
"in hot oil": "水煮",
"kirin ichiban": "麒麟",
"mixed vegetable": "杂菜",
"moo shu": "木须",
"noodle soup": "面汤",
"on the rice": "盖饭",
"shredded chicken": "鸡丝",
"shredded pork": "肉丝",
"shrimp & scallop": "干贝虾",
"snow pea": "雪豆",
"spare ribs": "排骨",
"spring roll": "上海卷",
"sweet & sour": "甜酸",
"w. garlic sauce": "鱼香",
"w. vegetable": "配蔬菜",
"w/ garlic sauce": "鱼香",
"w/ vegetable": "配蔬菜",
"wor bar": "锅巴",
"house special": "本楼",
"kung pao": "宫保",
"pan fried dumpling": "锅贴",
"roast pork": "叉烧",
"seafood delight": "海鲜大会",
"hot and sour": "酸辣",
"string bean": "四季豆",
"popcorn chicken": "盐酥鸡",
"salt crispy chicken": "盐酥鸡",
"basil chicken": "三杯鸡",
"hoisen sauce": "海鲜酱",
"moo goo gai pan": "蘑菇鸡片",
"moo goo": "蘑菇",
"orange chicken": "陈皮鸡",
"orange beef": "陈皮牛",
"honey": "蜂蜜",
"avocado": "鳄梨",
"bamboo": "冬笋",
"bbq": "烤",
"bean curd": "豆腐",
"bean sprout": "豆芽",
"beef": "牛",
"boneless": "无骨",
"boston": "波士顿",
"bottle": "瓶装",
"broccoli": "芥兰",
"bud light": "百威昕蓝",
"budweiser": "百威",
"buffalo": "水牛城",
"california": "加州",
"cantonese": "港式",
"cashew": "腰果",
"chicken": "鸡",
"chow fun": "炒粉",
"chow fun": "炒粉",
"chow mein": "炒面",
"cliantro": "香菜",
"cold": "冷",
"combo": "套餐",
"conch": "海螺",
"crazy": "疯狂",
"crunchy": "脆皮",
"cucumber": "黄瓜",
"curry": "咖喱",
"duck": "鸭",
"fried rice": "炒饭",
"katsu": "排",
"lo mein": "捞面",
"lomein": "捞面",
"mei fun": "米粉",
"meifun": "米粉",
"milk tea": "奶茶",
"miller lite": "米勒",
"mushroom": "蘑菇",
"negimaki": "葱卷",
"octopus": "章鱼",
"pork": "肉",
"rice soup": "饭汤",
"roll": "卷",
"salad": "沙拉",
"sapporo": "札幌",
"scallions": "葱",
"singha": "胜狮",
"soda": "汽水",
"squid": "鱿鱼",
"stick": "串",
"subgum": "杂碎",
"tataki": "鞑靼",
"tempura": "天妇罗",
"teriyaki": "照烧",
"tofu": "豆腐",
"tuna": "金枪鱼",
"udon": "乌冬",
"w.": "",
"w/": "",
"wings": "翅",
"dumpling": "饺子",
"dynamite": "炸药",
"edamame": "毛豆",
"eel": "鳗鱼",
"escolar": "油鱼",
"dragon": "龙",
"fancy": "花式",
"sushi": "寿司",
"fish": "鱼",
"flying": "飞",
"wonton": "馄饨",
"scallop": "干贝",
"ginza": "银座",
"gold": "金",
"golden": "金",
"gyoza": "饺子",
"ham": "火腿",
"hawaii": "夏威夷",
"hibachi": "铁板烧",
"combination": "套餐",
"lobster": "龙虾",
"hunan": "湖南",
"kungpao": "宫保",
"shrimp": "虾",
"pineapple ": "凤梨",
"steam": "水煮",
"steamed": "水煮",
"sesame": "芝麻",
"seafood": "海鲜",
"seaweed": "海带",
"soup": "汤",
"sashimi": "刺身",
"salmon": "三文鱼",
"egg": "蛋",
"eggplant": "茄子",
"house": "本楼",
"mongolian": "蒙古",
"miso": "味增",
"orange": "陈皮"


}